Model,Accuracy,Precision,Recall,F1-Score
Random Forest,0.9240506329113924,0.9607843137254902,0.9245283018867925,0.9423076923076923
XGBoost,0.8987341772151899,0.9591836734693877,0.8867924528301887,0.9215686274509803
